{"train_loss/gen_loss": 15276820.0, "train_loss/disc_loss": 1.061913013458252, "_timestamp": 1699477770.9928305, "_runtime": 411.96350955963135, "_step": 75, "_wandb": {"runtime": 432}}