{"loss/gen_loss": 0.9807296679891608, "loss/disc_loss": 0.17112930827402512, "_timestamp": 1662109516.9090998, "_runtime": 191.5222897529602, "_step": 598, "_wandb": {"runtime": 191}}