{"train_loss/gen_loss": 45719921.6, "train_loss/disc_loss": 0.32584501802921295, "_timestamp": 1701192188.4775865, "_runtime": 9636.586874485016, "_step": 699, "val_loss/gen_loss": 43047973.2, "val_loss/disc_loss": 0.3251136511564255, "images": {"_type": "image-file", "sha256": "9c98d8e75bf3dd3d4cd2df313b1948966330d6a81bf1d5ca8cc15b369f299017", "size": 37525, "path": "media/images/images_698_9c98d8e75bf3dd3d4cd2.png", "format": "png", "width": 204, "height": 266, "caption": "LR - HR - SR - dif"}, "_wandb": {"runtime": 9635}}