{"loss/gen_loss": NaN, "loss/disc_loss": Infinity, "_timestamp": 1702644045.194695, "_runtime": 354.10463309288025, "_step": 44}