{"loss/gen_loss": 1.107828464900114, "loss/disc_loss": 0.13791606605724618, "_timestamp": 1662124969.2373748, "_runtime": 179.87190985679626, "_step": 598, "_wandb": {"runtime": 179}}