{"loss/gen_loss": 1.3579260942302174, "loss/disc_loss": 0.015831347657706517, "_timestamp": 1662712947.2887669, "_runtime": 247.61912894248962, "_step": 789, "_wandb": {"runtime": 257}}