{"loss/gen_loss": NaN, "loss/disc_loss": NaN, "_timestamp": 1699332826.843252, "_runtime": 1539.212080001831, "_step": 397}