{"loss/gen_loss": 0.5075691177656776, "loss/disc_loss": 0.0700705846640886, "_timestamp": 1663155821.8487957, "_runtime": 136.6170425415039, "_step": 113, "_wandb": {"runtime": 137}}