{"train_loss/gen_loss": 6772202.325, "train_loss/disc_loss": 0.3251227617263794, "_timestamp": 1700003735.5085075, "_runtime": 9731.269390583038, "_step": 734, "val_loss/gen_loss": 33183314.65, "val_loss/disc_loss": 0.3281520903110504, "images": {"_type": "image-file", "sha256": "7c48630c5403d1ce517a8dd3be07c96b626df0e22b99762d132d95308af956b5", "size": 41607, "path": "media/images/images_733_7c48630c5403d1ce517a.png", "format": "png", "width": 204, "height": 266, "caption": "LR - HR - SR - dif"}, "_wandb": {"runtime": 9730}}