{"loss/gen_loss": NaN, "loss/disc_loss": NaN, "_timestamp": 1699331214.8609438, "_runtime": 2167.852136850357, "_step": 360}