{"loss/gen_loss": NaN, "loss/disc_loss": Infinity, "_timestamp": 1702044539.0527153, "_runtime": 1150.188505411148, "_step": 152}