{"loss/gen_loss": 1.0050401638168436, "loss/disc_loss": 0.04030210776081691, "_timestamp": 1663229382.0308793, "_runtime": 535.4065992832184, "_step": 457, "_wandb": {"runtime": 535}}