{"loss/gen_loss": 0.5148453699392185, "loss/disc_loss": 0.08090244870828955, "_timestamp": 1663157350.919103, "_runtime": 135.3862659931183, "_step": 113, "_wandb": {"runtime": 135}}