{"loss/gen_loss": 1.3838741887973833, "loss/disc_loss": 0.020784093219642467, "_timestamp": 1662713681.2106276, "_runtime": 245.87563061714172, "_step": 789, "_wandb": {"runtime": 256}}