{"train_loss/gen_loss": 215628081.6, "train_loss/disc_loss": 0.3255341321229935, "_timestamp": 1701278249.2031846, "_runtime": 9611.431058645248, "_step": 699, "val_loss/gen_loss": 200767076.0, "val_loss/disc_loss": 0.325183767080307, "images": {"_type": "image-file", "sha256": "05250f5af2631fba0d8586f35c4520a5e376075be53a7ca1e1437192bff2e679", "size": 37114, "path": "media/images/images_698_05250f5af2631fba0d85.png", "format": "png", "width": 204, "height": 266, "caption": "LR - HR - SR - dif"}, "_wandb": {"runtime": 9610}}