{"loss/gen_loss": 0.9964851384530606, "loss/disc_loss": 0.024059446064230463, "_timestamp": 1667324999.8188176, "_runtime": 610.5928876399994, "_step": 1821}