{"loss/gen_loss": 0.4188555274118312, "loss/disc_loss": 0.15693032123156522, "_timestamp": 1661807727.9292698, "_runtime": 151.83930087089539, "_step": 460, "_wandb": {"runtime": 162}}