{"loss/gen_loss": 0.41537625968068387, "loss/disc_loss": 0.1752945055372997, "_timestamp": 1661517506.455171, "_runtime": 148.41693902015686, "_step": 460, "_wandb": {"runtime": 158}}