{"train_loss/gen_loss": 10015776.7, "train_loss/disc_loss": 0.3251297354698181, "_timestamp": 1700157383.5881422, "_runtime": 9774.829839229584, "_step": 734, "val_loss/gen_loss": 41459484.4, "val_loss/disc_loss": 0.3261707454919815, "images": {"_type": "image-file", "sha256": "2cbe933bb0a8e36b81303e45a2f2178f9eaa26454f4b622a98b3c9b2d84c6650", "size": 42953, "path": "media/images/images_733_2cbe933bb0a8e36b8130.png", "format": "png", "width": 204, "height": 266, "caption": "LR - HR - SR - dif"}, "_wandb": {"runtime": 9774}}