{"loss/gen_loss": 0.5916302064308852, "loss/disc_loss": 0.029128941986335307, "_timestamp": 1663937315.2126467, "_runtime": 415.84922075271606, "_step": 372, "_wandb": {"runtime": 416}}