{"loss/gen_loss": 0.5096887300628762, "loss/disc_loss": 0.01747402936309387, "_timestamp": 1663143943.7523544, "_runtime": 813.5542442798615, "_step": 915, "_wandb": {"runtime": 813}}