{"train_loss/gen_loss": 27820348.9, "train_loss/disc_loss": 0.32510059177875517, "_timestamp": 1699948125.9926965, "_runtime": 14756.513060569763, "_step": 1819, "val_loss/gen_loss": 30706219.45, "val_loss/disc_loss": 0.3251294791698456, "images": {"_type": "image-file", "sha256": "c105f28ec00ed8d97a4a4ddba292d0c5191270b259cd5c068d2b1d36a25a9e4c", "size": 39212, "path": "media/images/images_1818_c105f28ec00ed8d97a4a.png", "format": "png", "width": 204, "height": 266, "caption": "LR - HR - SR - dif"}, "_wandb": {"runtime": 14755}}