{"loss/gen_loss": 0.04921622738593117, "loss/disc_loss": 0.001989661258073814, "_timestamp": 1698953421.143267, "_runtime": 5694.539392948151, "_step": 7843, "_wandb": {"runtime": 5695}}