{"loss/gen_loss": NaN, "_timestamp": 1699466293.4989977, "_runtime": 463.8049957752228, "_step": 76, "loss/disc_loss": NaN}