{"train_loss/gen_loss": 6690818.25, "train_loss/disc_loss": 0.33948356509208677, "_timestamp": 1699575935.5321796, "_runtime": 9774.21516752243, "_step": 734, "val_loss/gen_loss": 25412240.2, "val_loss/disc_loss": 0.33943097591400145, "images": {"_type": "image-file", "sha256": "dbeccf99e90007f75a235d61039650086d226b610ab0d404bb27752debf96b85", "size": 36324, "path": "media/images/images_733_dbeccf99e90007f75a23.png", "format": "png", "width": 204, "height": 266, "caption": "LR - HR - SR - dif"}, "_wandb": {"runtime": 9773}}