{"train_loss/gen_loss": 1609117.75625, "train_loss/disc_loss": 0.32531067728996277, "_timestamp": 1700169183.1570776, "_runtime": 8821.414494514465, "_step": 734, "val_loss/gen_loss": 10973006.8, "val_loss/disc_loss": 0.3255141079425812, "images": {"_type": "image-file", "sha256": "fdbd4d3738977e537d47363d68acd93b6c9afaac7ecd84514ff81bc235a7e50f", "size": 42407, "path": "media/images/images_733_fdbd4d3738977e537d47.png", "format": "png", "width": 204, "height": 266, "caption": "LR - HR - SR - dif"}, "_wandb": {"runtime": 8820}}