{"loss/gen_loss": 0.4372837360394817, "loss/disc_loss": 0.17745302000917954, "_timestamp": 1662038918.5062034, "_runtime": 187.6919984817505, "_step": 598, "_wandb": {"runtime": 198}}