{"loss/gen_loss": NaN, "loss/disc_loss": NaN, "_timestamp": 1698864162.038826, "_runtime": 1276.3480920791626, "_step": 1720}