{"loss/gen_loss": NaN, "loss/disc_loss": Infinity, "_timestamp": 1702646669.4179716, "_runtime": 348.18143367767334, "_step": 44}