{"loss/gen_loss": 0.4206041926417072, "loss/disc_loss": 0.16913269883235857, "_timestamp": 1661517825.9595096, "_runtime": 147.86950659751892, "_step": 460, "_wandb": {"runtime": 158}}