{"train_loss/gen_loss": 23195051.9, "train_loss/disc_loss": 0.3251841813325882, "_timestamp": 1701347008.234261, "_runtime": 9602.644927024841, "_step": 699, "val_loss/gen_loss": 21501213.6, "val_loss/disc_loss": 0.325136262178421, "images": {"_type": "image-file", "sha256": "c4ab45a4f099aef04cb204a4131466e05b74391c7d62c688c23bcb3ca72bc465", "size": 41554, "path": "media/images/images_698_c4ab45a4f099aef04cb2.png", "format": "png", "width": 204, "height": 266, "caption": "LR - HR - SR - dif"}, "_wandb": {"runtime": 9601}}