{"train_loss/gen_loss": 17954740.0, "train_loss/disc_loss": 0.3252301812171936, "_timestamp": 1699490084.3461936, "_runtime": 1996.2229764461517, "_step": 146, "val_loss/gen_loss": 75816107.2, "val_loss/disc_loss": 0.3306962549686432, "images": {"_type": "image-file", "sha256": "b2ff94482e032213de9c2290dd89d9541dd5844f061a73c300baec5bd9341287", "size": 34735, "path": "media/images/images_145_b2ff94482e032213de9c.png", "format": "png", "width": 204, "height": 266, "caption": "LR - HR - SR - dif"}, "_wandb": {"runtime": 1995}}