{"loss/gen_loss": 0.5217224495452747, "loss/disc_loss": 0.0984951744934446, "_timestamp": 1663153597.36595, "_runtime": 136.09221720695496, "_step": 113, "_wandb": {"runtime": 136}}