{"train_loss/gen_loss": 13595331.0, "train_loss/disc_loss": 0.3255297839641571, "_timestamp": 1699485276.0959744, "_runtime": 2008.3235733509064, "_step": 215, "images": {"_type": "image-file", "sha256": "540667b4757e2d336da1e4a3eace8995b9ac207fd640c6f82939e9bb5176e923", "size": 10814, "path": "media/images/images_214_540667b4757e2d336da1.png", "format": "png", "width": 192, "height": 64, "caption": "LR - HR - SR - dif"}, "val_loss/gen_loss": 23622704.0, "val_loss/disc_loss": 0.32553040981292725, "_wandb": {"runtime": 2007}}