{"loss/gen_loss": 0.62516141413767, "loss/disc_loss": 0.0018544176741877656, "_timestamp": 1698261838.7393267, "_runtime": 3613.5883038043976, "_step": 4357, "_wandb": {"runtime": 5866}}