{"loss/gen_loss": 0.9931689745665767, "loss/disc_loss": 0.04208640455010724, "_timestamp": 1663234150.7696497, "_runtime": 519.7039778232574, "_step": 610, "_wandb": {"runtime": 519}}