{"train_loss/gen_loss": 14016596.0, "train_loss/disc_loss": 0.32512812614440917, "_timestamp": 1700181749.5577307, "_runtime": 9795.735179662704, "_step": 734, "val_loss/gen_loss": 61171468.0, "val_loss/disc_loss": 0.3264904975891113, "images": {"_type": "image-file", "sha256": "e78a44745a828123a91df1b4a21ccd7d95995c2f78a7a6d30ca4a95b0d7dc98e", "size": 41564, "path": "media/images/images_733_e78a44745a828123a91d.png", "format": "png", "width": 204, "height": 266, "caption": "LR - HR - SR - dif"}, "_wandb": {"runtime": 9795}}