{"loss/gen_loss": 0.40969479484827037, "loss/disc_loss": 0.18144930073680304, "_timestamp": 1661516948.6630144, "_runtime": 152.55694246292114, "_step": 460, "_wandb": {"runtime": 162}}