{"loss/gen_loss": NaN, "loss/disc_loss": Infinity, "_timestamp": 1701953166.2263527, "_runtime": 3106.6235196590424, "_step": 420}